<?xml version="1.0" encoding="UTF-8"?>
<project-private xmlns="http://www.netbeans.org/ns/project-private/1">
    <editor-bookmarks xmlns="http://www.netbeans.org/ns/editor-bookmarks/2" lastBookmarkId="0"/>
    <open-files xmlns="http://www.netbeans.org/ns/projectui-open-files/2">
        <group>
            <file>file:/E:/OneDrive/Documents/NetBeansProjects/IT145_Authentication%20System/src/IT_145_AuthenticationSystem.java</file>
            <file>file:/E:/OneDrive/Documents/NetBeansProjects/IT145_Authentication%20System/src/User.java</file>
            <file>file:/E:/OneDrive/Documents/NetBeansProjects/IT145_Authentication%20System/src/Role.java</file>
        </group>
    </open-files>
</project-private>
